author,form,name,type
卖报小郎君,LZ,大奉打更人,仙侠
愤怒的香蕉,LZ,赘婿,历史
老鹰吃小鸡,WJ,万族之劫,都市
回到原初,LZ,开局签到如来神掌,玄幻
黑山老鬼,LZ,从红月开始,科幻
掠过的乌鸦,LZ,我加载了恋爱游戏,轻小说
柳岸花又明,LZ,我真没想重生啊,都市
情何以甚,LZ,赤心巡天,仙侠
爱潜水的乌贼,WJ,诡秘之主,玄幻
惰堕,LZ,剑卒过河,仙侠
远瞳,LZ,黎明之剑,科幻
欢颜笑语,LZ,突然成仙了怎么办,都市
我最白,LZ,全职艺术家,都市
滚开,LZ,十方武圣,玄幻
那一只蚊子,LZ,轮回乐园,轻小说
佛前献花,LZ,神秘复苏,仙侠
旷海忘湖,LZ,大魔王的101个愿望,玄幻
爱潜水的乌贼,LZ,长夜余火,玄幻
我吃西红柿,WJ,吞噬星空,科幻
青衫取醉,LZ,亏成首富从游戏开始,游戏
羿落九日,LZ,营川1934,军事
纯洁滴小龙,LZ,魔临,悬疑
跳舞,LZ,稳住别浪,都市
黑灯夏火,LZ,玩家凶猛,科幻
老鹰吃小鸡,WJ,全球高武,都市
坟土荒草,LZ,神话版三国,历史
裴不了,LZ,我不可能是剑神,仙侠
行者有三,LZ,这个诅咒太棒了,都市
奥比椰,LZ,颤栗高空,悬疑
周一口鸟,LZ,重生之我真没想当渣男,都市
屋外风吹凉,LZ,红楼春,历史
言归正传,LZ,我师兄实在太稳健了,仙侠
忘语,WJ,凡人修仙传,仙侠
宇宙无敌水哥,LZ,没钱上大学的我只能去屠龙了,轻小说
辰东,LZ,圣墟,玄幻
封七月,LZ,混天大圣,仙侠
我吃西红柿,LZ,沧元图,玄幻
关关公子,LZ,世子很凶,历史
翔炎,LZ,法爷永远是你大爷,游戏
榴弹怕水,LZ,绍宋,历史
轻泉流响,LZ,精灵掌门人,轻小说
唐家三少,LZ,斗罗大陆IV终极斗罗,玄幻
忘语,LZ,大梦主,仙侠
真费事,LZ,烂柯棋缘,仙侠
我会修空调,WJ,我有一座冒险屋,悬疑
荣小荣,LZ,大周仙吏,仙侠
开荒,LZ,妖女哪里逃,仙侠
十年一键,LZ,我真没针对法爷,游戏
齐佩甲,LZ,超神机械师,游戏
咯嘣,LZ,世界树的游戏,轻小说
七月新番,LZ,新书,历史
北川南海,LZ,我真没想当训练家啊,轻小说
女孩那么可爱,LZ,冷宫签到八十年，我举世无敌,玄幻
唐家三少,WJ,斗罗大陆,玄幻
三戒大师,LZ,小阁老,历史
游天雀,LZ,全球碎裂亿万份,科幻
辰东,WJ,遮天,仙侠
李古丁,LZ,主神挂了,科幻
J神,LZ,开局签到荒古圣体,玄幻
育,LZ,九星之主,科幻
宅猪,LZ,临渊行,玄幻
迪巴拉爵士,LZ,大唐扫把星,历史
叶惜宁,LZ,从木叶开始逃亡,轻小说
谋生任转蓬,LZ,我的徒弟都是大反派,玄幻
布谷聊,LZ,仙箓,仙侠
风凌天下,LZ,左道倾天,玄幻
过关斩将,LZ,重生之实业大亨,都市
更从心,LZ,末日拼图游戏,游戏
圣骑士的传说,WJ,修真聊天群,都市
秒速九光年,LZ,科技帝国从高分子材料开始,科幻
猫腻,WJ,庆余年,历史
萌俊,LZ,港综世界大枭雄,科幻
名称被占用,LZ,我在决斗都市玩卡牌,轻小说
贰更,LZ,我在斩妖司除魔三十年,仙侠
花还没开,LZ,我家老婆来自一千年前,都市
烟火酒颂,LZ,柯南之我不是蛇精病,轻小说
神龙抄手,LZ,修仙从长生不老开始,仙侠
万事皆虚,LZ,无限神装在都市,都市
屠鸽者,LZ,不死的我只好假扮血族,轻小说
青圭大大,LZ,我又是个律师,都市
风月,LZ,天启预报,奇幻
林海听涛,LZ,禁区之狐,体育
王梓钧,LZ,梦回大明春,历史
奉义天涯,LZ,警探长,都市
超喜欢吃辣椒,LZ,签到千年我怎么成人族隐藏老祖了,玄幻
爱潜水的乌贼,WJ,一世之尊,玄幻
这很科学啊,LZ,什么叫游走型中单啊,游戏
最终永恒,LZ,全球迈入神话时代,科幻
幼儿园一把手,LZ,掌门低调点,轻小说
徍男,LZ,金刚不坏大寨主,武侠
中秋月明,LZ,我只想自力更生,都市
晨星LL,WJ,学霸的黑科技系统,科幻
凤嘲凰,LZ,在港综成为传说,科幻
三天两觉,WJ,惊悚乐园,游戏
飞天鱼,LZ,万古神帝,玄幻
阳小戎,LZ,我有一个剑仙娘子,仙侠
要离刺荆轲,LZ,我真不是魔神,轻小说
天蚕土豆,WJ,元尊,玄幻
天空好想放晴,LZ,全球降临：百倍奖励,科幻
会说话的肘子,WJ,第一序列,都市
